1,ブログ完成,2020-02-07T00:00:00Z,2020-02-07T00:00:00Z,http://resrc.champon.tech/articles/article1.html,http://resrc.champon.tech/images/default.jpg,0
2,article2,2020-02-08T00:00:00Z,2020-02-08T00:00:00Z,http://resrc.champon.tech/articles/article2.html,http://resrc.champon.tech/images/default.jpg,0
3,article3,2020-02-09T00:00:00Z,2020-02-09T00:00:00Z,http://resrc.champon.tech/articles/article3.html,http://resrc.champon.tech/images/default.jpg,0
4,article4,2020-02-10T00:00:00Z,2020-02-10T00:00:00Z,http://resrc.champon.tech/articles/article4.html,http://resrc.champon.tech/images/default.jpg,0
5,article5,2020-02-11T00:00:00Z,2020-02-11T00:00:00Z,http://resrc.champon.tech/articles/article5.html,http://resrc.champon.tech/images/default.jpg,0
6,article6,2020-02-12T00:00:00Z,2020-02-12T00:00:00Z,http://resrc.champon.tech/articles/article6.html,http://resrc.champon.tech/images/default.jpg,1
7,article7,2020-02-13T00:00:00Z,2020-02-13T00:00:00Z,http://resrc.champon.tech/articles/article7.html,http://resrc.champon.tech/images/default.jpg,0
8,article8,2020-02-12T00:00:00Z,2020-02-12T00:00:00Z,http://resrc.champon.tech/articles/article8.html,http://resrc.champon.tech/images/default.jpg,1
9,article9,2020-02-13T00:00:00Z,2020-02-13T00:00:00Z,http://resrc.champon.tech/articles/article9.html,http://resrc.champon.tech/images/default.jpg,0
10,article,2020-02-07T00:00:00Z,2020-02-07T00:00:00Z,http://resrc.champon.tech/articles/article1.html,http://resrc.champon.tech/images/default.jpg,0
11,article,2020-02-07T00:00:00Z,2020-02-07T00:00:00Z,http://resrc.champon.tech/articles/article1.html,http://resrc.champon.tech/images/default.jpg,0
12,article,2020-02-07T00:00:00Z,2020-02-07T00:00:00Z,http://resrc.champon.tech/articles/article1.html,http://resrc.champon.tech/images/default.jpg,0
13,article,2020-02-07T00:00:00Z,2020-02-07T00:00:00Z,http://resrc.champon.tech/articles/article1.html,http://resrc.champon.tech/images/default.jpg,0
14,article,2020-02-07T00:00:00Z,2020-02-07T00:00:00Z,http://resrc.champon.tech/articles/article1.html,http://resrc.champon.tech/images/default.jpg,0
15,article,2020-02-07T00:00:00Z,2020-02-07T00:00:00Z,http://resrc.champon.tech/articles/article1.html,http://resrc.champon.tech/images/default.jpg,0

